<?xml version="1.0" encoding="utf-8"?>

<!--
  * filter-by-category v1.0 (https://github.com/underr-ua/ocmod3-filter-by-category)
  * Copyright 2018 Burkatskyi Andrii aka underr
  * Licensed under MIT (https://raw.githubusercontent.com/underr-ua/ocmod3-filter-by-category/master/LICENSE)
-->

<modification>
    <name>[underr] Filter Products By Category</name>
    <code>filter-by-category</code>
    <version>1.0</version>
    <author>Andrii Burkatskyi aka underr</author>
    <link>https://github.com/underr-ua/ocmod3-filter-by-category/</link>

    <file path="admin/controller/catalog/product.php">
        <operation>
            <search><![CDATA[$url = '';]]></search>
            <add position="before"><![CDATA[          if (isset($this->request->get['filter_category'])) {
                $url .= '&filter_category=' . $this->request->get['filter_category'];
            }]]></add>
        </operation>

        <operation>
            <search><![CDATA[protected function getList() {]]></search>
            <add position="after"><![CDATA[            if (isset($this->request->get['filter_category'])) {
                $filter_category = $this->request->get['filter_category'];
            } else {
                $filter_category = '';
            }]]></add>
        </operation>

        <operation>
            <search><![CDATA['filter_name'	  => $filter_name,]]></search>
            <add position="before"><![CDATA['filter_category' => $filter_category,]]></add>
        </operation>

        <operation>
            <search><![CDATA[$product_total = $this->model_catalog_product->getTotalProducts($filter_data);]]></search>
            <add position="after"><![CDATA[
            $this->load->model('catalog/category');
            $data['categories'] = $this->model_catalog_category->getCategories(0);
            ]]></add>
        </operation>

        <operation>
            <search><![CDATA[$data['products'][] = array(]]></search>
            <add position="before"><![CDATA[$category =  $this->model_catalog_product->getProductCategories($result['product_id']);]]></add>
        </operation>

        <operation>
            <search><![CDATA['name'       => $result['name'],]]></search>
            <add position="before"><![CDATA['category'   => $category,]]></add>
        </operation>

        <operation>
            <search><![CDATA[$data['filter_name'] = $filter_name;]]></search>
            <add position="before"><![CDATA[
            $data['column_category'] = $this->language->get('column_category');
            $data['entry_category'] = $this->language->get('entry_category');
            ]]></add>
        </operation>

        <operation>
            <search><![CDATA[$data['filter_name'] = $filter_name;]]></search>
            <add position="before"><![CDATA[$data['filter_category'] = $filter_category;]]></add>
        </operation>

        <operation>
            <search><![CDATA[$data['sort_name'] = $this->url->link('catalog/product', 'user_token=' . $this->session->data['user_token'] . '&sort=pd.name' . $url, true);]]></search>
            <add position="before"><![CDATA[$data['sort_category'] = $this->url->link('catalog/product', 'user_token=' . $this->session->data['user_token'] . '&sort=p2c.category' . $url, true);]]></add>
        </operation>
    </file>

    <file path="admin/model/catalog/product.php">
        <operation>
            <search><![CDATA[$sql = "SELECT * FROM " . DB_PREFIX . "product p LEFT JOIN " . DB_PREFIX . "product_description pd ON (p.product_id = pd.product_id) WHERE pd.language_id = '" . (int)$this->config->get('config_language_id') . "'";]]></search>
            <add position="replace"><![CDATA[
            $sql = "SELECT * FROM " . DB_PREFIX . "product p LEFT JOIN " . DB_PREFIX . "product_description pd ON (p.product_id = pd.product_id)";

                if (!empty($data['filter_category'])) {

                $sql .= " LEFT JOIN " . DB_PREFIX . "product_to_category p2c ON (p.product_id = p2c.product_id)";
            }

            $sql .= " WHERE pd.language_id = '" . (int)$this->config->get('config_language_id') . "'";
            ]]></add>
        </operation>

        <operation>
            <search><![CDATA['p.price',]]></search>
            <add position="after"><![CDATA['p2c.category_id',]]></add>
        </operation>

        <operation>
            <search><![CDATA[$sql .= " GROUP BY p.product_id";]]></search>
            <add position="before"><![CDATA[
            if (!empty($data['filter_category'])) {
                if (!empty($data['filter_sub_category'])) {
                    $implode_data = array();
                    $implode_data[] = "category_id = '" . (int)$data['filter_category'] . "'";
                    $this->load->model('catalog/category');
                    $categories = $this->model_catalog_category->getCategories($data['filter_category']);

                    foreach ($categories as $category) {
                        $implode_data[] = "p2c.category_id = '" . (int)$category['category_id'] . "'";
                    }

                    $sql .= " AND (" . implode(' OR ', $implode_data) . ")";
                } else {
                    $sql .= " AND p2c.category_id = '" . (int)$data['filter_category'] . "'";
                }
            }
            ]]></add>
        </operation>
    </file>

    <file path="admin/view/template/catalog/product_list.twig">
        <operation>
            <search><![CDATA[var filter_quantity = $('input[name=\'filter_quantity\']').val();]]></search>
            <add position="before"><![CDATA[
            var filter_category = $('select[name=\'filter_category\']').val();

            if (filter_category != '*') {
                url += '&filter_category=' + encodeURIComponent(filter_category);
            }
            ]]></add>
        </operation>

        <operation>
            <search><![CDATA[<td class="text-right">{% if sort == 'p.quantity' %}]]></search>
            <add position="before"><![CDATA[<td class="text-right">{% if sort == 'p2c.category_id' %}<a href="{{ sort_category }}" class="{{ order|lower }}">{{ column_category }}</a>{% else %}<a href="{{ sort_category }}">{{ column_category }}</a>{% endif %}</td>]]></add>
        </operation>

        <operation>
            <search><![CDATA[<td class="text-right">{% if product.quantity <= 0 %}]]></search>
            <add position="before"><![CDATA[<td class="text-right">{% for category in categories %}{% if category.category_id in product.category %}{{ category.name }}<br>{% endif %}{% endfor %}<br></td>]]></add>
        </operation>

        <operation>
            <search index="0"><![CDATA[<div class="form-group">]]></search>
            <add position="before"><![CDATA[
            <div class="form-group">
                <label class="control-label" for="input-category">{{ entry_category }}</label>
                <select name="filter_category" id="input-category" class="form-control" >
                    <option value="*">{{entry_category}}</option>
                    {% for category in categories %}
                        {% if category.category_id == filter_category %}
                            <option value="{{ category.category_id }}" selected="selected">{{ category.name }}</option>
                        {% else %}
                            <option value="{{ category.category_id }}"> {{ category.name }}</option>
                        {% endif %}
                    {% endfor %}
                </select>
            </div>
            ]]></add>
        </operation>
    </file>

    <file path="admin/language/en-gb/catalog/product.php">
        <operation>
            <search><![CDATA[$_['column_name']]]></search>
            <add position="before"><![CDATA[$_['column_category']            = 'Category';]]></add>
        </operation>
    </file>

    <file path="admin/language/ru-ru/catalog/product.php">
        <operation>
            <search><![CDATA[$_['column_name']]]></search>
            <add position="before"><![CDATA[$_['column_category']            = 'Категория';]]></add>
        </operation>
    </file>

    <file path="admin/language/ua-uk/catalog/product.php">
        <operation>
            <search><![CDATA[$_['column_name']]]></search>
            <add position="before"><![CDATA[$_['column_category']            = 'Категорія';]]></add>
        </operation>
    </file>

</modification>
