<?xml version="1.0" encoding="utf-8"?>

<!-- /**
 * Filter By Category.
 *
 * The Filter By Category extension is for CMS Opencart 3.x Admin Panel.
 * It allows to filter products by category.
 *
 * @author      Andrii Burkatskyi aka underr underr.ua@gmail.com
 * @copyright   Copyright (c) 2018-2019 Andrii Burkatskyi
 * @license     https://raw.githubusercontent.com/underr-ua/ocmod3-filter-by-category/master/LICENSE.txt MIT
 *
 * @version     1.6
 *
 * @see         https://www.opencart.com/index.php?route=marketplace/extension/info&extension_id=34415
 * @see         https://underr.space/notes/projects/project-007.html
 * @see         https://github.com/underr-ua/ocmod3-filter-by-category
 */ -->

<modification>
    <name>[underr] Filter By Category</name>
    <code>filter-by-category</code>
    <version>1.6</version>
    <author>Andrii Burkatskyi aka underr</author>
    <link>https://github.com/underr-ua/ocmod3-filter-by-category/</link>

    <file error="log" path="admin/model/catalog/product.php">
        <operation error="log">
            <search>
                <![CDATA[$sql = "SELECT COUNT(DISTINCT p.product_id) AS total FROM " . DB_PREFIX . "product p LEFT JOIN " . DB_PREFIX . "product_description pd ON (p.product_id = pd.product_id)";]]>
            </search>
            <add ignoreif="Admin Filter+" position="after">
                <![CDATA[
        // Filter By Category
        if (!empty($data['filter_category'])) {
		    $sql .= " LEFT JOIN " . DB_PREFIX . "product_to_category p2c ON (p.product_id = p2c.product_id)";
        }]]>
            </add>
        </operation>

        <operation error="log">
            <search>
                <![CDATA[$sql = "SELECT * FROM " . DB_PREFIX . "product p LEFT JOIN " . DB_PREFIX . "product_description pd ON (p.product_id = pd.product_id) WHERE pd.language_id = '" . (int)$this->config->get('config_language_id') . "'";]]>
            </search>
            <add ignoreif="Admin Filter+" position="replace">
                <![CDATA[// Filter by Category
        $sql = "SELECT p.*,pd.* FROM " . DB_PREFIX . "product p LEFT JOIN " . DB_PREFIX . "product_description pd ON (p.product_id = pd.product_id)";
        $sql .= " LEFT JOIN " . DB_PREFIX . "product_to_category p2c ON (p.product_id = p2c.product_id)";
		$sql .= " WHERE pd.language_id = '" . (int)$this->config->get('config_language_id') . "'";]]>
            </add>
        </operation>

        <operation error="log">
            <search>
                <![CDATA[if (!empty($data['filter_name'])) {]]>
            </search>
            <add position="before">
                <![CDATA[
        // Filter By Category
        if (!empty($data['filter_category'])) {
			$sql .= " AND p2c.category_id = '" . (int)$data['filter_category'] . "%'";
		}
]]>
            </add>
        </operation>

        <!--  Sort each product categories by name -->
        <operation error="log">
            <search>
                <![CDATA[$query = $this->db->query("SELECT * FROM " . DB_PREFIX . "product_to_category WHERE product_id = '" . (int)$product_id . "'");]]>
            </search>
            <add position="replace">
                <![CDATA[// Filter By Category
		$sql = "SELECT p2c.* FROM " . DB_PREFIX . "product_to_category AS p2c";
		$sql .= " JOIN " . DB_PREFIX . "category_description AS cd ON cd.category_id = p2c.category_id";
		// $sql .= " WHERE product_id = '" . (int)$product_id . "'";
		$sql .= " WHERE product_id = '" . (int)$product_id . "' AND cd.language_id = '" . (int)$this->config->get('config_language_id') . "'";
		$sql .= " ORDER BY cd.name";

		$query = $this->db->query($sql);]]>
            </add>
        </operation>
        <operation error="log">
            <search>
                <![CDATA[$sql .= " GROUP BY p.product_id";]]>
            </search>
            <add ignoreif="Admin Filter+" position="before">
            <![CDATA[
        // Filter By Category
        if (!empty($data['filter_category'])) {
            if (!empty($data['filter_sub_category'])) {
                $implode_data = array();
                $implode_data[] = "category_id = '" . (int)$data['filter_category'] . "'";

                $this->load->model('catalog/category');

                $categories = $this->model_catalog_category->getCategories($data['filter_category']);

                foreach ($categories as $category) {
                    $implode_data[] = "p2c.category_id = '" . (int)$category['category_id'] . "%'";
                }

                $sql .= " AND (" . implode(' OR ', $implode_data) . ")";
            } else {
                $sql .= " AND p2c.category_id = '" . (int)$data['filter_category'] . "%'";
            }
        }]]>
            </add>
        </operation>
    </file>

    <file error="log" path="admin/controller/catalog/product.php">
        <operation error="log">
            <search>
                <![CDATA[$url = '';]]>
            </search>
            <add ignoreif="Admin Filter+" position="after">
                <![CDATA[
            // Filter By Category
            if (isset($this->request->get['filter_category'])) {
                $url .= '&filter_category=' . $this->request->get['filter_category'];
            }]]>
            </add>
        </operation>

        <operation error="log">
            <search>
                <![CDATA[protected function getList() {]]>
            </search>
            <add ignoreif="Admin Filter+" position="after">
                <![CDATA[        // Filter By Category
        if (isset($this->request->get['filter_category'])) {
            $filter_category = $this->request->get['filter_category'];
        } else {
            $filter_category = '';
        }
        ///]]>
            </add>
        </operation>

        <operation error="log">
            <search>
                <![CDATA['filter_name'	  => $filter_name,]]>
            </search>
            <add ignoreif="Admin Filter+" position="after">
                <![CDATA[			'filter_category' => $filter_category,  // Filter By Category]]>
            </add>
        </operation>

        <operation error="log">
            <search>
                <![CDATA[$product_total = $this->model_catalog_product->getTotalProducts($filter_data);]]>
            </search>
            <add ignoreif="Admin Filter+" position="after">
                <![CDATA[
        // Filter By Category
        $this->load->model('catalog/category');
        $data['categories'] = $this->model_catalog_category->getCategories(['sort' => 'name', 'order' => 'ASC',]);
        ///]]>
            </add>
        </operation>

        <operation error="log">
            <search>
                <![CDATA[$data['products'][] = array(]]>
            </search>
            <add ignoreif="Admin Filter+" position="before">
                <![CDATA[			// Filter By Category
			$category =  $this->model_catalog_product->getProductCategories($result['product_id']);
            ///]]>
            </add>
        </operation>

        <operation error="log">
            <search>
                <![CDATA['name'       => $result['name'],]]>
            </search>
            <add ignoreif="Admin Filter+" position="before">
                <![CDATA[				'category'   => $category,  // Filter By Category]]>
            </add>
        </operation>

        <operation error="log">
            <search>
                <![CDATA[$data['filter_name'] = $filter_name;]]>
            </search>
            <add ignoreif="Admin Filter+" position="before">
                <![CDATA[		$data['filter_category'] = $filter_category; // Filter By Category]]></add>
        </operation>
    </file>

    <file error="log" path="admin/view/template/catalog/product_list.twig">
        <operation error="log">
            <search>
                <![CDATA[var filter_quantity = $('input[name=\'filter_quantity\']').val();]]>
            </search>
            <add ignoreif="Admin Filter+" position="before">
                <![CDATA[            <!-- Filter by Category -->
            var filter_category = $('select[name=\'filter_category\']').val();

            if (filter_category != '*') {
                url += '&filter_category=' + encodeURIComponent(filter_category);
            }
            ]]></add>
        </operation>

        <operation error="log">
            <search>
                <![CDATA[<td class="text-right">{% if sort == 'p.quantity' %}]]>
            </search>
            <add ignoreif="Admin Filter+" position="before">
                <![CDATA[                      <!-- Filter By Category -->
                      <td class="text-left">{{ entry_category }}</td>]]>
            </add>
        </operation>

        <operation error="log">
            <search>
                <![CDATA[<td class="text-right">{% if product.quantity <= 0 %}]]>
            </search>
            <add ignoreif="Admin Filter+" position="before">
            <![CDATA[                      <!-- Filter By Category -->
                    <td class="text-left">{% for category in categories %}{% if category.category_id in product.category %}{{ category.name }}<br>{% endif %}{% endfor %}</td>]]>
            </add>
        </operation>

        <operation error="log">
            <search index="0">
                <![CDATA[<div class="form-group">]]>
            </search>
            <add ignoreif="Admin Filter+" position="before">
                <![CDATA[
            <!-- Filter by Category -->
            <div class="form-group">
                <label class="control-label" for="select-category">{{ entry_category }}</label>
                <select name="filter_category" id="select-category" class="form-control" >
                    <option value="*"></option>
                    {% for category in categories %}
                        {% if category.category_id == filter_category %}
                            <option value="{{ category.category_id }}" selected="selected">{{ category.name }}</option>
                        {% else %}
                            <option value="{{ category.category_id }}">{{ category.name }}</option>
                        {% endif %}
                    {% endfor %}
                </select>
            </div>]]>
            </add>
        </operation>
    </file>

</modification>
